{
  "name": "scene5",
  "maxRecursionLevel": 6,
  "antiAliasingFactor": 1,
  "renderRefarctions": true,
  "renderReflections": true,
  "camera": {
    "cameraPosition": {
      "x": 0.0,
      "y": 0.0,
      "z": 2.0
    },
    "centerPoint": {
      "x": 0.0,
      "y": 0.0,
      "z": 1.0
    },
    "towardsVec": {
      "x": 0.0,
      "y": 0.0,
      "z": -1.0
    },
    "upVec": {
      "x": 0.7071067811865476,
      "y": 0.7071067811865476,
      "z": 0.0
    },
    "rightVec": {
      "x": 0.7071067811865475,
      "y": -0.7071067811865475,
      "z": 0.0
    },
    "viewPlainWidth": 2.0,
    "distanceToPlain": 1.0,
    "resX": 200.0,
    "resY": 200.0,
    "pixelRatio": 0.0
  },
  "ambient": {
    "x": 1.0,
    "y": 1.0,
    "z": 1.0
  },
  "backgroundColor": {
    "x": 0.0,
    "y": 0.5,
    "z": 1.0
  },
  "lightSources": [
    {
      "CLASSNAME": "edu.cg.scene.lightSources.DirectionalLight",
      "DATA": {
        "direction": {
          "x": 0.0,
          "y": 0.0,
          "z": -1.0
        },
        "intensity": {
          "x": 0.7,
          "y": 0.7,
          "z": 0.7
        }
      }
    }
  ],
  "surfaces": [
    {
      "shape": {
        "CLASSNAME": "edu.cg.scene.objects.Sphere",
        "DATA": {
          "center": {
            "x": 0.5,
            "y": 0.5,
            "z": 0.5
          },
          "radius": 0.5
        }
      },
      "material": {
        "Ka": {
          "x": 0.7051658498209609,
          "y": 0.5590120796668504,
          "z": 0.006918398748859134
        },
        "Kd": {
          "x": 0.7051658498209609,
          "y": 0.5590120796668504,
          "z": 0.006918398748859134
        },
        "Ks": {
          "x": 0.14952473398941918,
          "y": 0.14952473398941918,
          "z": 0.14952473398941918
        },
        "reflectionIntensity": 0.0,
        "shininess": 10,
        "isTransparent": true,
        "refractionIntensity": 0.4195067354154075,
        "refractionIndex": 1.6934734021923177
      }
    },
    {
      "shape": {
        "CLASSNAME": "edu.cg.scene.objects.Sphere",
        "DATA": {
          "center": {
            "x": -0.5,
            "y": 0.5,
            "z": 0.5
          },
          "radius": 0.5
        }
      },
      "material": {
        "Ka": {
          "x": 0.6751596126329644,
          "y": 0.39326127090929286,
          "z": 0.38395150559726654
        },
        "Kd": {
          "x": 0.6751596126329644,
          "y": 0.39326127090929286,
          "z": 0.38395150559726654
        },
        "Ks": {
          "x": 0.2485496352867354,
          "y": 0.2485496352867354,
          "z": 0.2485496352867354
        },
        "reflectionIntensity": 0.0,
        "shininess": 10,
        "isTransparent": true,
        "refractionIntensity": 2.6789425010564916E-4,
        "refractionIndex": 1.0562212589654008
      }
    },
    {
      "shape": {
        "CLASSNAME": "edu.cg.scene.objects.Sphere",
        "DATA": {
          "center": {
            "x": 0.5,
            "y": -0.5,
            "z": 0.5
          },
          "radius": 0.5
        }
      },
      "material": {
        "Ka": {
          "x": 0.001384941508885018,
          "y": 0.6766462612770107,
          "z": 0.19092189557676964
        },
        "Kd": {
          "x": 0.001384941508885018,
          "y": 0.6766462612770107,
          "z": 0.19092189557676964
        },
        "Ks": {
          "x": 0.33991940967450845,
          "y": 0.33991940967450845,
          "z": 0.33991940967450845
        },
        "reflectionIntensity": 0.3408118432882249,
        "shininess": 10,
        "isTransparent": true,
        "refractionIntensity": 0.2949096289055582,
        "refractionIndex": 1.1238547508042018
      }
    },
    {
      "shape": {
        "CLASSNAME": "edu.cg.scene.objects.Sphere",
        "DATA": {
          "center": {
            "x": -0.5,
            "y": -0.5,
            "z": 0.5
          },
          "radius": 0.5
        }
      },
      "material": {
        "Ka": {
          "x": 0.24207105592008515,
          "y": 0.8555582450914004,
          "z": 0.4783065246407123
        },
        "Kd": {
          "x": 0.24207105592008515,
          "y": 0.8555582450914004,
          "z": 0.4783065246407123
        },
        "Ks": {
          "x": 0.22745899369555833,
          "y": 0.22745899369555833,
          "z": 0.22745899369555833
        },
        "reflectionIntensity": 0.0,
        "shininess": 10,
        "isTransparent": true,
        "refractionIntensity": 0.10133938438828033,
        "refractionIndex": 1.2425469041271986
      }
    }
  ]
}