{
  "name": "scene5",
  "maxRecursionLevel": 6,
  "antiAliasingFactor": 1,
  "renderRefarctions": true,
  "renderReflections": true,
  "camera": {
    "cameraPosition": {
      "x": 0.0,
      "y": 0.0,
      "z": 2.0
    },
    "centerPoint": {
      "x": 0.0,
      "y": 0.0,
      "z": 1.0
    },
    "towardsVec": {
      "x": 0.0,
      "y": 0.0,
      "z": -1.0
    },
    "upVec": {
      "x": 1.0,
      "y": 1.0,
      "z": 0.0
    },
    "rightVec": {
      "x": 0.7071067811865475,
      "y": -0.7071067811865475,
      "z": 0.0
    },
    "UpHatVec": {
      "x": 0.7071067811865476,
      "y": 0.7071067811865476,
      "z": 0.0
    },
    "distanceToPlain": 1.0,
    "viewPlainWidth": 2.0,
    "ratio": 0.0,
    "width": 200.0,
    "height": 200.0
  },
  "ambient": {
    "x": 1.0,
    "y": 1.0,
    "z": 1.0
  },
  "backgroundColor": {
    "x": 0.0,
    "y": 0.5,
    "z": 1.0
  },
  "lightSources": [
    {
      "CLASSNAME": "edu.cg.scene.lightSources.DirectionalLight",
      "DATA": {
        "direction": {
          "x": 0.0,
          "y": 0.0,
          "z": -1.0
        },
        "intensity": {
          "x": 0.7,
          "y": 0.7,
          "z": 0.7
        }
      }
    }
  ],
  "surfaces": [
    {
      "shape": {
        "CLASSNAME": "edu.cg.scene.objects.Sphere",
        "DATA": {
          "center": {
            "x": 0.5,
            "y": 0.5,
            "z": 0.5
          },
          "radius": 0.5
        }
      },
      "material": {
        "Ka": {
          "x": 0.4481983157892562,
          "y": 0.6936170607191923,
          "z": 0.9629181758001879
        },
        "Kd": {
          "x": 0.4481983157892562,
          "y": 0.6936170607191923,
          "z": 0.9629181758001879
        },
        "Ks": {
          "x": 0.18651070086955096,
          "y": 0.18651070086955096,
          "z": 0.18651070086955096
        },
        "reflectionIntensity": 0.4130622940224106,
        "shininess": 10,
        "isTransparent": false,
        "refractionIntensity": 0.3,
        "refractionIndex": 1.5
      }
    },
    {
      "shape": {
        "CLASSNAME": "edu.cg.scene.objects.Sphere",
        "DATA": {
          "center": {
            "x": -0.5,
            "y": 0.5,
            "z": 0.5
          },
          "radius": 0.5
        }
      },
      "material": {
        "Ka": {
          "x": 0.8951130773230511,
          "y": 0.048393807417693946,
          "z": 0.5901326276446364
        },
        "Kd": {
          "x": 0.8951130773230511,
          "y": 0.048393807417693946,
          "z": 0.5901326276446364
        },
        "Ks": {
          "x": 0.21858665013660006,
          "y": 0.21858665013660006,
          "z": 0.21858665013660006
        },
        "reflectionIntensity": 0.2772288422146173,
        "shininess": 10,
        "isTransparent": false,
        "refractionIntensity": 0.3,
        "refractionIndex": 1.5
      }
    },
    {
      "shape": {
        "CLASSNAME": "edu.cg.scene.objects.Sphere",
        "DATA": {
          "center": {
            "x": 0.5,
            "y": -0.5,
            "z": 0.5
          },
          "radius": 0.5
        }
      },
      "material": {
        "Ka": {
          "x": 0.6833789860849994,
          "y": 0.9321351070379286,
          "z": 0.03444493408392679
        },
        "Kd": {
          "x": 0.6833789860849994,
          "y": 0.9321351070379286,
          "z": 0.03444493408392679
        },
        "Ks": {
          "x": 4.994719316868124E-4,
          "y": 4.994719316868124E-4,
          "z": 4.994719316868124E-4
        },
        "reflectionIntensity": 0.19186017557318946,
        "shininess": 10,
        "isTransparent": false,
        "refractionIntensity": 0.3,
        "refractionIndex": 1.5
      }
    },
    {
      "shape": {
        "CLASSNAME": "edu.cg.scene.objects.Sphere",
        "DATA": {
          "center": {
            "x": -0.5,
            "y": -0.5,
            "z": 0.5
          },
          "radius": 0.5
        }
      },
      "material": {
        "Ka": {
          "x": 0.1,
          "y": 0.1,
          "z": 0.1
        },
        "Kd": {
          "x": 0.1,
          "y": 0.1,
          "z": 0.1
        },
        "Ks": {
          "x": 0.1,
          "y": 0.1,
          "z": 0.1
        },
        "reflectionIntensity": 0.8,
        "shininess": 6,
        "isTransparent": true,
        "refractionIntensity": 0.2,
        "refractionIndex": 1.5
      }
    }
  ]
}